bbox_height,bbox_width,center_x,center_y,confidence,detector_source,event,frame_index,label,mode,source_path,timestamp,x1,x2,y1,y2
25,36,448,202,0.9294,YOLO,detection,1,drone,Mode 1,C:/Users/user/Desktop/python/project/project/src/dataset/videos/split_output/video_010.mp4,2026-05-08T16:13:27,430,466,190,215
26,37,447,203,0.9287,YOLO,detection,2,drone,Mode 1,C:/Users/user/Desktop/python/project/project/src/dataset/videos/split_output/video_010.mp4,2026-05-08T16:13:27,429,466,190,216
26,36,447,203,0.9306,YOLO,detection,3,drone,Mode 1,C:/Users/user/Desktop/python/project/project/src/dataset/videos/split_output/video_010.mp4,2026-05-08T16:13:27,429,465,190,216
25,35,446,202,0.9244,YOLO,detection,4,drone,Mode 1,C:/Users/user/Desktop/python/project/project/src/dataset/videos/split_output/video_010.mp4,2026-05-08T16:13:27,429,464,190,215
27,38,444,201,0.9293,YOLO,detection,5,drone,Mode 1,C:/Users/user/Desktop/python/project/project/src/dataset/videos/split_output/video_010.mp4,2026-05-08T16:13:28,425,463,188,215
26,38,443,202,0.927,YOLO,detection,6,drone,Mode 1,C:/Users/user/Desktop/python/project/project/src/dataset/videos/split_output/video_010.mp4,2026-05-08T16:13:28,424,462,189,215
26,36,442,202,0.9316,YOLO,detection,7,drone,Mode 1,C:/Users/user/Desktop/python/project/project/src/dataset/videos/split_output/video_010.mp4,2026-05-08T16:13:28,424,460,189,215
27,37,440,202,0.9298,YOLO,detection,8,drone,Mode 1,C:/Users/user/Desktop/python/project/project/src/dataset/videos/split_output/video_010.mp4,2026-05-08T16:13:28,422,459,189,216
26,36,440,203,0.9253,YOLO,detection,9,drone,Mode 1,C:/Users/user/Desktop/python/project/project/src/dataset/videos/split_output/video_010.mp4,2026-05-08T16:13:28,422,458,190,216
26,36,438,204,0.9274,YOLO,detection,10,drone,Mode 1,C:/Users/user/Desktop/python/project/project/src/dataset/videos/split_output/video_010.mp4,2026-05-08T16:13:28,420,456,191,217
27,37,435,204,0.9228,YOLO,detection,11,drone,Mode 1,C:/Users/user/Desktop/python/project/project/src/dataset/videos/split_output/video_010.mp4,2026-05-08T16:13:28,417,454,191,218
27,36,433,204,0.9292,YOLO,detection,12,drone,Mode 1,C:/Users/user/Desktop/python/project/project/src/dataset/videos/split_output/video_010.mp4,2026-05-08T16:13:28,415,451,191,218
25,36,430,203,0.9279,YOLO,detection,13,drone,Mode 1,C:/Users/user/Desktop/python/project/project/src/dataset/videos/split_output/video_010.mp4,2026-05-08T16:13:28,412,448,191,216
26,36,425,203,0.9233,YOLO,detection,14,drone,Mode 1,C:/Users/user/Desktop/python/project/project/src/dataset/videos/split_output/video_010.mp4,2026-05-08T16:13:28,407,443,190,216
25,35,423,202,0.9256,YOLO,detection,15,drone,Mode 1,C:/Users/user/Desktop/python/project/project/src/dataset/videos/split_output/video_010.mp4,2026-05-08T16:13:28,406,441,190,215
26,35,423,203,0.9268,YOLO,detection,16,drone,Mode 1,C:/Users/user/Desktop/python/project/project/src/dataset/videos/split_output/video_010.mp4,2026-05-08T16:13:28,406,441,190,216
25,36,423,204,0.9252,YOLO,detection,17,drone,Mode 1,C:/Users/user/Desktop/python/project/project/src/dataset/videos/split_output/video_010.mp4,2026-05-08T16:13:28,405,441,192,217
25,36,424,205,0.9319,YOLO,detection,18,drone,Mode 1,C:/Users/user/Desktop/python/project/project/src/dataset/videos/split_output/video_010.mp4,2026-05-08T16:13:28,406,442,193,218
26,35,424,205,0.9297,YOLO,detection,19,drone,Mode 1,C:/Users/user/Desktop/python/project/project/src/dataset/videos/split_output/video_010.mp4,2026-05-08T16:13:28,407,442,192,218
26,35,425,204,0.9242,YOLO,detection,20,drone,Mode 1,C:/Users/user/Desktop/python/project/project/src/dataset/videos/split_output/video_010.mp4,2026-05-08T16:13:28,408,443,191,217
25,35,424,203,0.9206,YOLO,detection,21,drone,Mode 1,C:/Users/user/Desktop/python/project/project/src/dataset/videos/split_output/video_010.mp4,2026-05-08T16:13:28,407,442,191,216
26,36,424,203,0.9265,YOLO,detection,22,drone,Mode 1,C:/Users/user/Desktop/python/project/project/src/dataset/videos/split_output/video_010.mp4,2026-05-08T16:13:28,406,442,190,216
26,36,422,203,0.9247,YOLO,detection,23,drone,Mode 1,C:/Users/user/Desktop/python/project/project/src/dataset/videos/split_output/video_010.mp4,2026-05-08T16:13:28,404,440,190,216
26,36,422,204,0.9267,YOLO,detection,24,drone,Mode 1,C:/Users/user/Desktop/python/project/project/src/dataset/videos/split_output/video_010.mp4,2026-05-08T16:13:28,404,440,191,217
26,36,423,205,0.93,YOLO,detection,25,drone,Mode 1,C:/Users/user/Desktop/python/project/project/src/dataset/videos/split_output/video_010.mp4,2026-05-08T16:13:28,405,441,192,218
27,37,425,203,0.924,YOLO,detection,26,drone,Mode 1,C:/Users/user/Desktop/python/project/project/src/dataset/videos/split_output/video_010.mp4,2026-05-08T16:13:29,407,444,190,217
26,36,428,200,0.9315,YOLO,detection,27,drone,Mode 1,C:/Users/user/Desktop/python/project/project/src/dataset/videos/split_output/video_010.mp4,2026-05-08T16:13:29,410,446,187,213
27,36,429,195,0.9266,YOLO,detection,28,drone,Mode 1,C:/Users/user/Desktop/python/project/project/src/dataset/videos/split_output/video_010.mp4,2026-05-08T16:13:29,411,447,182,209
26,38,427,190,0.932,YOLO,detection,29,drone,Mode 1,C:/Users/user/Desktop/python/project/project/src/dataset/videos/split_output/video_010.mp4,2026-05-08T16:13:29,408,446,177,203
25,35,423,185,0.9327,YOLO,detection,30,drone,Mode 1,C:/Users/user/Desktop/python/project/project/src/dataset/videos/split_output/video_010.mp4,2026-05-08T16:13:29,406,441,173,198
25,35,421,182,0.9298,YOLO,detection,31,drone,Mode 1,C:/Users/user/Desktop/python/project/project/src/dataset/videos/split_output/video_010.mp4,2026-05-08T16:13:29,404,439,170,195
26,36,418,181,0.9288,YOLO,detection,32,drone,Mode 1,C:/Users/user/Desktop/python/project/project/src/dataset/videos/split_output/video_010.mp4,2026-05-08T16:13:29,400,436,168,194
25,37,415,182,0.9351,YOLO,detection,33,drone,Mode 1,C:/Users/user/Desktop/python/project/project/src/dataset/videos/split_output/video_010.mp4,2026-05-08T16:13:29,397,434,170,195
26,36,416,183,0.9396,YOLO,detection,34,drone,Mode 1,C:/Users/user/Desktop/python/project/project/src/dataset/videos/split_output/video_010.mp4,2026-05-08T16:13:29,398,434,170,196
26,35,416,184,0.9404,YOLO,detection,35,drone,Mode 1,C:/Users/user/Desktop/python/project/project/src/dataset/videos/split_output/video_010.mp4,2026-05-08T16:13:29,399,434,171,197
25,36,417,189,0.9304,YOLO,detection,36,drone,Mode 1,C:/Users/user/Desktop/python/project/project/src/dataset/videos/split_output/video_010.mp4,2026-05-08T16:13:29,399,435,177,202
26,37,419,193,0.9357,YOLO,detection,37,drone,Mode 1,C:/Users/user/Desktop/python/project/project/src/dataset/videos/split_output/video_010.mp4,2026-05-08T16:13:29,401,438,180,206
26,36,419,195,0.9243,YOLO,detection,38,drone,Mode 1,C:/Users/user/Desktop/python/project/project/src/dataset/videos/split_output/video_010.mp4,2026-05-08T16:13:29,401,437,182,208
26,36,418,198,0.932,YOLO,detection,39,drone,Mode 1,C:/Users/user/Desktop/python/project/project/src/dataset/videos/split_output/video_010.mp4,2026-05-08T16:13:29,400,436,185,211
27,37,416,200,0.935,YOLO,detection,40,drone,Mode 1,C:/Users/user/Desktop/python/project/project/src/dataset/videos/split_output/video_010.mp4,2026-05-08T16:13:29,398,435,187,214
26,35,416,202,0.9339,YOLO,detection,41,drone,Mode 1,C:/Users/user/Desktop/python/project/project/src/dataset/videos/split_output/video_010.mp4,2026-05-08T16:13:29,399,434,189,215
25,35,417,202,0.9253,YOLO,detection,42,drone,Mode 1,C:/Users/user/Desktop/python/project/project/src/dataset/videos/split_output/video_010.mp4,2026-05-08T16:13:29,400,435,190,215
25,35,417,201,0.9334,YOLO,detection,43,drone,Mode 1,C:/Users/user/Desktop/python/project/project/src/dataset/videos/split_output/video_010.mp4,2026-05-08T16:13:29,400,435,189,214
26,35,416,201,0.9324,YOLO,detection,44,drone,Mode 1,C:/Users/user/Desktop/python/project/project/src/dataset/videos/split_output/video_010.mp4,2026-05-08T16:13:29,399,434,188,214
27,36,416,202,0.931,YOLO,detection,45,drone,Mode 1,C:/Users/user/Desktop/python/project/project/src/dataset/videos/split_output/video_010.mp4,2026-05-08T16:13:29,398,434,189,216
26,37,413,203,0.927,YOLO,detection,46,drone,Mode 1,C:/Users/user/Desktop/python/project/project/src/dataset/videos/split_output/video_010.mp4,2026-05-08T16:13:29,395,432,190,216
26,36,413,201,0.9315,YOLO,detection,47,drone,Mode 1,C:/Users/user/Desktop/python/project/project/src/dataset/videos/split_output/video_010.mp4,2026-05-08T16:13:29,395,431,188,214
26,35,410,199,0.9395,YOLO,detection,48,drone,Mode 1,C:/Users/user/Desktop/python/project/project/src/dataset/videos/split_output/video_010.mp4,2026-05-08T16:13:30,393,428,186,212
26,35,408,201,0.9296,YOLO,detection,49,drone,Mode 1,C:/Users/user/Desktop/python/project/project/src/dataset/videos/split_output/video_010.mp4,2026-05-08T16:13:30,391,426,188,214
25,35,407,203,0.9247,YOLO,detection,50,drone,Mode 1,C:/Users/user/Desktop/python/project/project/src/dataset/videos/split_output/video_010.mp4,2026-05-08T16:13:30,390,425,191,216
25,34,406,202,0.9245,YOLO,detection,51,drone,Mode 1,C:/Users/user/Desktop/python/project/project/src/dataset/videos/split_output/video_010.mp4,2026-05-08T16:13:30,389,423,190,215
26,36,405,202,0.9311,YOLO,detection,52,drone,Mode 1,C:/Users/user/Desktop/python/project/project/src/dataset/videos/split_output/video_010.mp4,2026-05-08T16:13:30,387,423,189,215
25,35,405,201,0.9266,YOLO,detection,53,drone,Mode 1,C:/Users/user/Desktop/python/project/project/src/dataset/videos/split_output/video_010.mp4,2026-05-08T16:13:30,388,423,189,214
26,36,405,201,0.9298,YOLO,detection,54,drone,Mode 1,C:/Users/user/Desktop/python/project/project/src/dataset/videos/split_output/video_010.mp4,2026-05-08T16:13:30,387,423,188,214
26,36,403,202,0.9292,YOLO,detection,55,drone,Mode 1,C:/Users/user/Desktop/python/project/project/src/dataset/videos/split_output/video_010.mp4,2026-05-08T16:13:30,385,421,189,215
26,36,402,205,0.9241,YOLO,detection,56,drone,Mode 1,C:/Users/user/Desktop/python/project/project/src/dataset/videos/split_output/video_010.mp4,2026-05-08T16:13:30,384,420,192,218
26,35,401,206,0.937,YOLO,detection,57,drone,Mode 1,C:/Users/user/Desktop/python/project/project/src/dataset/videos/split_output/video_010.mp4,2026-05-08T16:13:30,384,419,193,219
26,34,401,206,0.9354,YOLO,detection,58,drone,Mode 1,C:/Users/user/Desktop/python/project/project/src/dataset/videos/split_output/video_010.mp4,2026-05-08T16:13:30,384,418,193,219
25,36,401,206,0.9386,YOLO,detection,59,drone,Mode 1,C:/Users/user/Desktop/python/project/project/src/dataset/videos/split_output/video_010.mp4,2026-05-08T16:13:30,383,419,194,219
26,35,400,209,0.9342,YOLO,detection,60,drone,Mode 1,C:/Users/user/Desktop/python/project/project/src/dataset/videos/split_output/video_010.mp4,2026-05-08T16:13:30,383,418,196,222
24,35,401,210,0.9299,YOLO,detection,61,drone,Mode 1,C:/Users/user/Desktop/python/project/project/src/dataset/videos/split_output/video_010.mp4,2026-05-08T16:13:30,384,419,198,222
26,36,400,208,0.9376,YOLO,detection,62,drone,Mode 1,C:/Users/user/Desktop/python/project/project/src/dataset/videos/split_output/video_010.mp4,2026-05-08T16:13:30,382,418,195,221
27,38,398,205,0.9321,YOLO,detection,63,drone,Mode 1,C:/Users/user/Desktop/python/project/project/src/dataset/videos/split_output/video_010.mp4,2026-05-08T16:13:30,379,417,192,219
26,35,396,203,0.9255,YOLO,detection,64,drone,Mode 1,C:/Users/user/Desktop/python/project/project/src/dataset/videos/split_output/video_010.mp4,2026-05-08T16:13:30,379,414,190,216
25,35,395,202,0.9299,YOLO,detection,65,drone,Mode 1,C:/Users/user/Desktop/python/project/project/src/dataset/videos/split_output/video_010.mp4,2026-05-08T16:13:30,378,413,190,215
26,35,394,204,0.9284,YOLO,detection,66,drone,Mode 1,C:/Users/user/Desktop/python/project/project/src/dataset/videos/split_output/video_010.mp4,2026-05-08T16:13:30,377,412,191,217
26,36,394,206,0.9347,YOLO,detection,67,drone,Mode 1,C:/Users/user/Desktop/python/project/project/src/dataset/videos/split_output/video_010.mp4,2026-05-08T16:13:30,376,412,193,219
25,34,394,206,0.9391,YOLO,detection,68,drone,Mode 1,C:/Users/user/Desktop/python/project/project/src/dataset/videos/split_output/video_010.mp4,2026-05-08T16:13:30,377,411,194,219
26,36,395,208,0.9382,YOLO,detection,69,drone,Mode 1,C:/Users/user/Desktop/python/project/project/src/dataset/videos/split_output/video_010.mp4,2026-05-08T16:13:31,377,413,195,221
26,35,396,207,0.9304,YOLO,detection,70,drone,Mode 1,C:/Users/user/Desktop/python/project/project/src/dataset/videos/split_output/video_010.mp4,2026-05-08T16:13:31,379,414,194,220
25,33,398,206,0.9279,YOLO,detection,71,drone,Mode 1,C:/Users/user/Desktop/python/project/project/src/dataset/videos/split_output/video_010.mp4,2026-05-08T16:13:31,382,415,194,219
26,35,402,205,0.9318,YOLO,detection,72,drone,Mode 1,C:/Users/user/Desktop/python/project/project/src/dataset/videos/split_output/video_010.mp4,2026-05-08T16:13:31,385,420,192,218
25,36,403,202,0.9252,YOLO,detection,73,drone,Mode 1,C:/Users/user/Desktop/python/project/project/src/dataset/videos/split_output/video_010.mp4,2026-05-08T16:13:31,385,421,190,215
26,37,405,200,0.9333,YOLO,detection,74,drone,Mode 1,C:/Users/user/Desktop/python/project/project/src/dataset/videos/split_output/video_010.mp4,2026-05-08T16:13:31,387,424,187,213
26,36,409,203,0.9237,YOLO,detection,75,drone,Mode 1,C:/Users/user/Desktop/python/project/project/src/dataset/videos/split_output/video_010.mp4,2026-05-08T16:13:31,391,427,190,216
27,37,408,205,0.932,YOLO,detection,76,drone,Mode 1,C:/Users/user/Desktop/python/project/project/src/dataset/videos/split_output/video_010.mp4,2026-05-08T16:13:31,390,427,192,219
27,36,407,205,0.9322,YOLO,detection,77,drone,Mode 1,C:/Users/user/Desktop/python/project/project/src/dataset/videos/split_output/video_010.mp4,2026-05-08T16:13:31,389,425,192,219
26,35,404,203,0.9262,YOLO,detection,78,drone,Mode 1,C:/Users/user/Desktop/python/project/project/src/dataset/videos/split_output/video_010.mp4,2026-05-08T16:13:31,387,422,190,216
26,37,404,202,0.9311,YOLO,detection,79,drone,Mode 1,C:/Users/user/Desktop/python/project/project/src/dataset/videos/split_output/video_010.mp4,2026-05-08T16:13:31,386,423,189,215
26,36,406,201,0.9304,YOLO,detection,80,drone,Mode 1,C:/Users/user/Desktop/python/project/project/src/dataset/videos/split_output/video_010.mp4,2026-05-08T16:13:31,388,424,188,214
26,35,406,203,0.9213,YOLO,detection,81,drone,Mode 1,C:/Users/user/Desktop/python/project/project/src/dataset/videos/split_output/video_010.mp4,2026-05-08T16:13:31,389,424,190,216
27,38,405,209,0.9247,YOLO,detection,82,drone,Mode 1,C:/Users/user/Desktop/python/project/project/src/dataset/videos/split_output/video_010.mp4,2026-05-08T16:13:31,386,424,196,223
26,36,406,215,0.9187,YOLO,detection,83,drone,Mode 1,C:/Users/user/Desktop/python/project/project/src/dataset/videos/split_output/video_010.mp4,2026-05-08T16:13:31,388,424,202,228
27,37,406,219,0.9164,YOLO,detection,84,drone,Mode 1,C:/Users/user/Desktop/python/project/project/src/dataset/videos/split_output/video_010.mp4,2026-05-08T16:13:31,388,425,206,233
26,36,406,225,0.9185,YOLO,detection,85,drone,Mode 1,C:/Users/user/Desktop/python/project/project/src/dataset/videos/split_output/video_010.mp4,2026-05-08T16:13:31,388,424,212,238
25,37,405,228,0.9019,YOLO,detection,86,drone,Mode 1,C:/Users/user/Desktop/python/project/project/src/dataset/videos/split_output/video_010.mp4,2026-05-08T16:13:31,387,424,216,241
24,38,404,231,0.8488,YOLO,detection,87,drone,Mode 1,C:/Users/user/Desktop/python/project/project/src/dataset/videos/split_output/video_010.mp4,2026-05-08T16:13:31,385,423,219,243
24,37,405,235,0.9034,YOLO,detection,88,drone,Mode 1,C:/Users/user/Desktop/python/project/project/src/dataset/videos/split_output/video_010.mp4,2026-05-08T16:13:31,387,424,223,247
23,37,403,238,0.9039,YOLO,detection,89,drone,Mode 1,C:/Users/user/Desktop/python/project/project/src/dataset/videos/split_output/video_010.mp4,2026-05-08T16:13:31,385,422,227,250
24,37,401,238,0.6952,YOLO,detection,90,drone,Mode 1,C:/Users/user/Desktop/python/project/project/src/dataset/videos/split_output/video_010.mp4,2026-05-08T16:13:32,383,420,226,250
24,38,403,238,0.9125,YOLO,detection,91,drone,Mode 1,C:/Users/user/Desktop/python/project/project/src/dataset/videos/split_output/video_010.mp4,2026-05-08T16:13:32,384,422,226,250
24,36,403,240,0.9149,YOLO,detection,92,drone,Mode 1,C:/Users/user/Desktop/python/project/project/src/dataset/videos/split_output/video_010.mp4,2026-05-08T16:13:32,385,421,228,252
23,35,400,240,0.9181,YOLO,detection,93,drone,Mode 1,C:/Users/user/Desktop/python/project/project/src/dataset/videos/split_output/video_010.mp4,2026-05-08T16:13:32,383,418,229,252
23,37,402,241,0.9088,YOLO,detection,94,drone,Mode 1,C:/Users/user/Desktop/python/project/project/src/dataset/videos/split_output/video_010.mp4,2026-05-08T16:13:32,384,421,230,253
23,37,400,243,0.8962,YOLO,detection,95,drone,Mode 1,C:/Users/user/Desktop/python/project/project/src/dataset/videos/split_output/video_010.mp4,2026-05-08T16:13:32,382,419,232,255
23,36,398,243,0.907,YOLO,detection,96,drone,Mode 1,C:/Users/user/Desktop/python/project/project/src/dataset/videos/split_output/video_010.mp4,2026-05-08T16:13:32,380,416,232,255
22,36,397,245,0.903,YOLO,detection,97,drone,Mode 1,C:/Users/user/Desktop/python/project/project/src/dataset/videos/split_output/video_010.mp4,2026-05-08T16:13:32,379,415,234,256
22,37,390,245,0.8905,YOLO,detection,98,drone,Mode 1,C:/Users/user/Desktop/python/project/project/src/dataset/videos/split_output/video_010.mp4,2026-05-08T16:13:32,372,409,234,256
23,35,386,241,0.9151,YOLO,detection,99,drone,Mode 1,C:/Users/user/Desktop/python/project/project/src/dataset/videos/split_output/video_010.mp4,2026-05-08T16:13:32,369,404,230,253
23,35,385,242,0.8996,YOLO,detection,100,drone,Mode 1,C:/Users/user/Desktop/python/project/project/src/dataset/videos/split_output/video_010.mp4,2026-05-08T16:13:32,368,403,231,254
22,36,385,244,0.8945,YOLO,detection,101,drone,Mode 1,C:/Users/user/Desktop/python/project/project/src/dataset/videos/split_output/video_010.mp4,2026-05-08T16:13:32,367,403,233,255
23,38,386,245,0.8992,YOLO,detection,102,drone,Mode 1,C:/Users/user/Desktop/python/project/project/src/dataset/videos/split_output/video_010.mp4,2026-05-08T16:13:32,367,405,234,257
23,36,386,244,0.8936,YOLO,detection,103,drone,Mode 1,C:/Users/user/Desktop/python/project/project/src/dataset/videos/split_output/video_010.mp4,2026-05-08T16:13:32,368,404,233,256
22,34,386,242,0.8949,YOLO,detection,104,drone,Mode 1,C:/Users/user/Desktop/python/project/project/src/dataset/videos/split_output/video_010.mp4,2026-05-08T16:13:32,369,403,231,253
24,35,389,239,0.915,YOLO,detection,105,drone,Mode 1,C:/Users/user/Desktop/python/project/project/src/dataset/videos/split_output/video_010.mp4,2026-05-08T16:13:32,372,407,227,251
23,35,390,239,0.9036,YOLO,detection,106,drone,Mode 1,C:/Users/user/Desktop/python/project/project/src/dataset/videos/split_output/video_010.mp4,2026-05-08T16:13:32,373,408,228,251
24,35,392,239,0.9022,YOLO,detection,107,drone,Mode 1,C:/Users/user/Desktop/python/project/project/src/dataset/videos/split_output/video_010.mp4,2026-05-08T16:13:32,375,410,227,251
24,36,394,238,0.8809,YOLO,detection,108,drone,Mode 1,C:/Users/user/Desktop/python/project/project/src/dataset/videos/split_output/video_010.mp4,2026-05-08T16:13:32,376,412,226,250
23,33,393,240,0.9171,YOLO,detection,109,drone,Mode 1,C:/Users/user/Desktop/python/project/project/src/dataset/videos/split_output/video_010.mp4,2026-05-08T16:13:32,377,410,229,252
21,35,390,243,0.8668,YOLO,detection,110,drone,Mode 1,C:/Users/user/Desktop/python/project/project/src/dataset/videos/split_output/video_010.mp4,2026-05-08T16:13:32,373,408,233,254
21,35,383,243,0.8913,YOLO,detection,111,drone,Mode 1,C:/Users/user/Desktop/python/project/project/src/dataset/videos/split_output/video_010.mp4,2026-05-08T16:13:32,366,401,233,254
22,38,376,246,0.8987,YOLO,detection,112,drone,Mode 1,C:/Users/user/Desktop/python/project/project/src/dataset/videos/split_output/video_010.mp4,2026-05-08T16:13:33,357,395,235,257
21,37,373,246,0.9069,YOLO,detection,113,drone,Mode 1,C:/Users/user/Desktop/python/project/project/src/dataset/videos/split_output/video_010.mp4,2026-05-08T16:13:33,355,392,236,257
22,36,374,243,0.8927,YOLO,detection,114,drone,Mode 1,C:/Users/user/Desktop/python/project/project/src/dataset/videos/split_output/video_010.mp4,2026-05-08T16:13:33,356,392,232,254
23,34,376,238,0.9114,YOLO,detection,115,drone,Mode 1,C:/Users/user/Desktop/python/project/project/src/dataset/videos/split_output/video_010.mp4,2026-05-08T16:13:33,359,393,227,250
23,36,376,235,0.8864,YOLO,detection,116,drone,Mode 1,C:/Users/user/Desktop/python/project/project/src/dataset/videos/split_output/video_010.mp4,2026-05-08T16:13:33,358,394,224,247
22,35,378,233,0.8993,YOLO,detection,117,drone,Mode 1,C:/Users/user/Desktop/python/project/project/src/dataset/videos/split_output/video_010.mp4,2026-05-08T16:13:33,361,396,222,244
23,34,380,229,0.9081,YOLO,detection,118,drone,Mode 1,C:/Users/user/Desktop/python/project/project/src/dataset/videos/split_output/video_010.mp4,2026-05-08T16:13:33,363,397,218,241
25,38,379,225,0.9024,YOLO,detection,119,drone,Mode 1,C:/Users/user/Desktop/python/project/project/src/dataset/videos/split_output/video_010.mp4,2026-05-08T16:13:33,360,398,213,238
26,37,377,222,0.9163,YOLO,detection,120,drone,Mode 1,C:/Users/user/Desktop/python/project/project/src/dataset/videos/split_output/video_010.mp4,2026-05-08T16:13:33,359,396,209,235
25,36,376,217,0.9177,YOLO,detection,121,drone,Mode 1,C:/Users/user/Desktop/python/project/project/src/dataset/videos/split_output/video_010.mp4,2026-05-08T16:13:33,358,394,205,230
24,33,376,215,0.9343,YOLO,detection,122,drone,Mode 1,C:/Users/user/Desktop/python/project/project/src/dataset/videos/split_output/video_010.mp4,2026-05-08T16:13:33,360,393,203,227
25,35,376,215,0.9324,YOLO,detection,123,drone,Mode 1,C:/Users/user/Desktop/python/project/project/src/dataset/videos/split_output/video_010.mp4,2026-05-08T16:13:33,359,394,203,228
25,34,374,214,0.9153,YOLO,detection,124,drone,Mode 1,C:/Users/user/Desktop/python/project/project/src/dataset/videos/split_output/video_010.mp4,2026-05-08T16:13:33,357,391,202,227
26,36,372,215,0.9262,YOLO,detection,125,drone,Mode 1,C:/Users/user/Desktop/python/project/project/src/dataset/videos/split_output/video_010.mp4,2026-05-08T16:13:33,354,390,202,228
27,37,367,217,0.918,YOLO,detection,126,drone,Mode 1,C:/Users/user/Desktop/python/project/project/src/dataset/videos/split_output/video_010.mp4,2026-05-08T16:13:33,349,386,204,231
27,38,365,219,0.9207,YOLO,detection,127,drone,Mode 1,C:/Users/user/Desktop/python/project/project/src/dataset/videos/split_output/video_010.mp4,2026-05-08T16:13:33,346,384,206,233
26,36,361,219,0.9208,YOLO,detection,128,drone,Mode 1,C:/Users/user/Desktop/python/project/project/src/dataset/videos/split_output/video_010.mp4,2026-05-08T16:13:33,343,379,206,232
26,36,359,215,0.932,YOLO,detection,129,drone,Mode 1,C:/Users/user/Desktop/python/project/project/src/dataset/videos/split_output/video_010.mp4,2026-05-08T16:13:33,341,377,202,228
26,35,356,214,0.9196,YOLO,detection,130,drone,Mode 1,C:/Users/user/Desktop/python/project/project/src/dataset/videos/split_output/video_010.mp4,2026-05-08T16:13:33,339,374,201,227
25,36,353,212,0.9133,YOLO,detection,131,drone,Mode 1,C:/Users/user/Desktop/python/project/project/src/dataset/videos/split_output/video_010.mp4,2026-05-08T16:13:33,335,371,200,225
25,35,350,212,0.914,YOLO,detection,132,drone,Mode 1,C:/Users/user/Desktop/python/project/project/src/dataset/videos/split_output/video_010.mp4,2026-05-08T16:13:33,333,368,200,225
26,34,348,216,0.9223,YOLO,detection,133,drone,Mode 1,C:/Users/user/Desktop/python/project/project/src/dataset/videos/split_output/video_010.mp4,2026-05-08T16:13:34,331,365,203,229
28,38,346,220,0.909,YOLO,detection,134,drone,Mode 1,C:/Users/user/Desktop/python/project/project/src/dataset/videos/split_output/video_010.mp4,2026-05-08T16:13:34,327,365,206,234
27,39,345,221,0.906,YOLO,detection,135,drone,Mode 1,C:/Users/user/Desktop/python/project/project/src/dataset/videos/split_output/video_010.mp4,2026-05-08T16:13:34,326,365,208,235
26,37,343,221,0.9144,YOLO,detection,136,drone,Mode 1,C:/Users/user/Desktop/python/project/project/src/dataset/videos/split_output/video_010.mp4,2026-05-08T16:13:34,325,362,208,234
26,36,343,221,0.9081,YOLO,detection,137,drone,Mode 1,C:/Users/user/Desktop/python/project/project/src/dataset/videos/split_output/video_010.mp4,2026-05-08T16:13:34,325,361,208,234
26,37,343,223,0.9197,YOLO,detection,138,drone,Mode 1,C:/Users/user/Desktop/python/project/project/src/dataset/videos/split_output/video_010.mp4,2026-05-08T16:13:34,325,362,210,236
25,34,343,225,0.9119,YOLO,detection,139,drone,Mode 1,C:/Users/user/Desktop/python/project/project/src/dataset/videos/split_output/video_010.mp4,2026-05-08T16:13:34,326,360,213,238
24,35,343,226,0.9103,YOLO,detection,140,drone,Mode 1,C:/Users/user/Desktop/python/project/project/src/dataset/videos/split_output/video_010.mp4,2026-05-08T16:13:34,326,361,214,238
25,36,343,226,0.9019,YOLO,detection,141,drone,Mode 1,C:/Users/user/Desktop/python/project/project/src/dataset/videos/split_output/video_010.mp4,2026-05-08T16:13:34,325,361,214,239
26,36,344,224,0.9028,YOLO,detection,142,drone,Mode 1,C:/Users/user/Desktop/python/project/project/src/dataset/videos/split_output/video_010.mp4,2026-05-08T16:13:34,326,362,211,237
26,36,345,223,0.9207,YOLO,detection,143,drone,Mode 1,C:/Users/user/Desktop/python/project/project/src/dataset/videos/split_output/video_010.mp4,2026-05-08T16:13:34,327,363,210,236
27,37,346,220,0.9123,YOLO,detection,144,drone,Mode 1,C:/Users/user/Desktop/python/project/project/src/dataset/videos/split_output/video_010.mp4,2026-05-08T16:13:34,328,365,207,234
28,37,345,221,0.9114,YOLO,detection,145,drone,Mode 1,C:/Users/user/Desktop/python/project/project/src/dataset/videos/split_output/video_010.mp4,2026-05-08T16:13:34,327,364,207,235
27,37,345,221,0.9118,YOLO,detection,146,drone,Mode 1,C:/Users/user/Desktop/python/project/project/src/dataset/videos/split_output/video_010.mp4,2026-05-08T16:13:34,327,364,208,235
26,36,344,223,0.9142,YOLO,detection,147,drone,Mode 1,C:/Users/user/Desktop/python/project/project/src/dataset/videos/split_output/video_010.mp4,2026-05-08T16:13:34,326,362,210,236
25,36,342,222,0.9124,YOLO,detection,148,drone,Mode 1,C:/Users/user/Desktop/python/project/project/src/dataset/videos/split_output/video_010.mp4,2026-05-08T16:13:34,324,360,210,235
25,34,339,221,0.9121,YOLO,detection,149,drone,Mode 1,C:/Users/user/Desktop/python/project/project/src/dataset/videos/split_output/video_010.mp4,2026-05-08T16:13:34,322,356,209,234
26,33,337,222,0.914,YOLO,detection,150,drone,Mode 1,C:/Users/user/Desktop/python/project/project/src/dataset/videos/split_output/video_010.mp4,2026-05-08T16:13:34,321,354,209,235
26,33,335,223,0.9121,YOLO,detection,151,drone,Mode 1,C:/Users/user/Desktop/python/project/project/src/dataset/videos/split_output/video_010.mp4,2026-05-08T16:13:34,319,352,210,236
26,34,335,223,0.9119,YOLO,detection,152,drone,Mode 1,C:/Users/user/Desktop/python/project/project/src/dataset/videos/split_output/video_010.mp4,2026-05-08T16:13:34,318,352,210,236
26,32,334,224,0.8836,YOLO,detection,153,drone,Mode 1,C:/Users/user/Desktop/python/project/project/src/dataset/videos/split_output/video_010.mp4,2026-05-08T16:13:34,318,350,211,237
26,34,333,226,0.8603,YOLO,detection,154,drone,Mode 1,C:/Users/user/Desktop/python/project/project/src/dataset/videos/split_output/video_010.mp4,2026-05-08T16:13:35,316,350,213,239
27,35,333,224,0.8026,YOLO,detection,155,drone,Mode 1,C:/Users/user/Desktop/python/project/project/src/dataset/videos/split_output/video_010.mp4,2026-05-08T16:13:35,316,351,211,238
27,33,334,220,0.9102,YOLO,detection,156,drone,Mode 1,C:/Users/user/Desktop/python/project/project/src/dataset/videos/split_output/video_010.mp4,2026-05-08T16:13:35,318,351,207,234
25,31,333,215,0.9,YOLO,detection,157,drone,Mode 1,C:/Users/user/Desktop/python/project/project/src/dataset/videos/split_output/video_010.mp4,2026-05-08T16:13:35,318,349,203,228
26,30,333,215,0.9143,YOLO,detection,158,drone,Mode 1,C:/Users/user/Desktop/python/project/project/src/dataset/videos/split_output/video_010.mp4,2026-05-08T16:13:35,318,348,202,228
28,33,333,214,0.8886,YOLO,detection,159,drone,Mode 1,C:/Users/user/Desktop/python/project/project/src/dataset/videos/split_output/video_010.mp4,2026-05-08T16:13:35,317,350,200,228
27,35,334,214,0.9118,YOLO,detection,160,drone,Mode 1,C:/Users/user/Desktop/python/project/project/src/dataset/videos/split_output/video_010.mp4,2026-05-08T16:13:35,317,352,201,228
29,34,332,217,0.8177,YOLO,detection,161,drone,Mode 1,C:/Users/user/Desktop/python/project/project/src/dataset/videos/split_output/video_010.mp4,2026-05-08T16:13:35,315,349,203,232
32,32,326,220,0.6676,YOLO,detection,162,drone,Mode 1,C:/Users/user/Desktop/python/project/project/src/dataset/videos/split_output/video_010.mp4,2026-05-08T16:13:35,310,342,204,236
28,34,330,222,0.8256,YOLO,detection,163,drone,Mode 1,C:/Users/user/Desktop/python/project/project/src/dataset/videos/split_output/video_010.mp4,2026-05-08T16:13:35,313,347,208,236
25,33,336,222,0.8974,YOLO,detection,164,drone,Mode 1,C:/Users/user/Desktop/python/project/project/src/dataset/videos/split_output/video_010.mp4,2026-05-08T16:13:35,320,353,210,235
27,36,342,217,0.9208,YOLO,detection,165,drone,Mode 1,C:/Users/user/Desktop/python/project/project/src/dataset/videos/split_output/video_010.mp4,2026-05-08T16:13:35,324,360,204,231
25,33,348,211,0.9144,YOLO,detection,166,drone,Mode 1,C:/Users/user/Desktop/python/project/project/src/dataset/videos/split_output/video_010.mp4,2026-05-08T16:13:35,332,365,199,224
25,34,345,207,0.9306,YOLO,detection,167,drone,Mode 1,C:/Users/user/Desktop/python/project/project/src/dataset/videos/split_output/video_010.mp4,2026-05-08T16:13:35,328,362,195,220
24,33,340,208,0.9292,YOLO,detection,168,drone,Mode 1,C:/Users/user/Desktop/python/project/project/src/dataset/videos/split_output/video_010.mp4,2026-05-08T16:13:35,324,357,196,220
25,33,337,209,0.9035,YOLO,detection,169,drone,Mode 1,C:/Users/user/Desktop/python/project/project/src/dataset/videos/split_output/video_010.mp4,2026-05-08T16:13:35,321,354,197,222
26,32,334,206,0.906,YOLO,detection,170,drone,Mode 1,C:/Users/user/Desktop/python/project/project/src/dataset/videos/split_output/video_010.mp4,2026-05-08T16:13:35,318,350,193,219
25,30,332,202,0.9027,YOLO,detection,171,drone,Mode 1,C:/Users/user/Desktop/python/project/project/src/dataset/videos/split_output/video_010.mp4,2026-05-08T16:13:35,317,347,190,215
25,31,331,199,0.8978,YOLO,detection,172,drone,Mode 1,C:/Users/user/Desktop/python/project/project/src/dataset/videos/split_output/video_010.mp4,2026-05-08T16:13:35,316,347,187,212
26,31,331,196,0.9108,YOLO,detection,173,drone,Mode 1,C:/Users/user/Desktop/python/project/project/src/dataset/videos/split_output/video_010.mp4,2026-05-08T16:13:35,316,347,183,209
25,34,334,193,0.922,YOLO,detection,174,drone,Mode 1,C:/Users/user/Desktop/python/project/project/src/dataset/videos/split_output/video_010.mp4,2026-05-08T16:13:38,317,351,181,206
26,33,335,191,0.9269,YOLO,detection,175,drone,Mode 1,C:/Users/user/Desktop/python/project/project/src/dataset/videos/split_output/video_010.mp4,2026-05-08T16:13:38,319,352,178,204
25,33,336,192,0.917,YOLO,detection,176,drone,Mode 1,C:/Users/user/Desktop/python/project/project/src/dataset/videos/split_output/video_010.mp4,2026-05-08T16:13:39,320,353,180,205
23,32,340,193,0.9326,YOLO,detection,177,drone,Mode 1,C:/Users/user/Desktop/python/project/project/src/dataset/videos/split_output/video_010.mp4,2026-05-08T16:13:39,324,356,182,205
24,32,344,194,0.9197,YOLO,detection,178,drone,Mode 1,C:/Users/user/Desktop/python/project/project/src/dataset/videos/split_output/video_010.mp4,2026-05-08T16:13:39,328,360,182,206
25,34,351,197,0.925,YOLO,detection,179,drone,Mode 1,C:/Users/user/Desktop/python/project/project/src/dataset/videos/split_output/video_010.mp4,2026-05-08T16:13:39,334,368,185,210
24,35,357,202,0.9266,YOLO,detection,180,drone,Mode 1,C:/Users/user/Desktop/python/project/project/src/dataset/videos/split_output/video_010.mp4,2026-05-08T16:13:39,340,375,190,214
25,34,361,205,0.9238,YOLO,detection,181,drone,Mode 1,C:/Users/user/Desktop/python/project/project/src/dataset/videos/split_output/video_010.mp4,2026-05-08T16:13:39,344,378,193,218
25,35,360,207,0.936,YOLO,detection,182,drone,Mode 1,C:/Users/user/Desktop/python/project/project/src/dataset/videos/split_output/video_010.mp4,2026-05-08T16:13:39,343,378,195,220
26,36,359,207,0.9334,YOLO,detection,183,drone,Mode 1,C:/Users/user/Desktop/python/project/project/src/dataset/videos/split_output/video_010.mp4,2026-05-08T16:13:39,341,377,194,220
25,36,356,201,0.9245,YOLO,detection,184,drone,Mode 1,C:/Users/user/Desktop/python/project/project/src/dataset/videos/split_output/video_010.mp4,2026-05-08T16:13:39,338,374,189,214
26,35,352,195,0.9218,YOLO,detection,185,drone,Mode 1,C:/Users/user/Desktop/python/project/project/src/dataset/videos/split_output/video_010.mp4,2026-05-08T16:13:39,335,370,182,208
24,35,349,191,0.9346,YOLO,detection,186,drone,Mode 1,C:/Users/user/Desktop/python/project/project/src/dataset/videos/split_output/video_010.mp4,2026-05-08T16:13:39,332,367,179,203
24,35,346,187,0.9234,YOLO,detection,187,drone,Mode 1,C:/Users/user/Desktop/python/project/project/src/dataset/videos/split_output/video_010.mp4,2026-05-08T16:13:39,329,364,175,199
25,34,345,186,0.9227,YOLO,detection,188,drone,Mode 1,C:/Users/user/Desktop/python/project/project/src/dataset/videos/split_output/video_010.mp4,2026-05-08T16:13:39,328,362,174,199
24,35,342,186,0.9251,YOLO,detection,189,drone,Mode 1,C:/Users/user/Desktop/python/project/project/src/dataset/videos/split_output/video_010.mp4,2026-05-08T16:13:39,325,360,174,198
25,35,341,185,0.9296,YOLO,detection,190,drone,Mode 1,C:/Users/user/Desktop/python/project/project/src/dataset/videos/split_output/video_010.mp4,2026-05-08T16:13:39,324,359,173,198
25,35,341,184,0.9343,YOLO,detection,191,drone,Mode 1,C:/Users/user/Desktop/python/project/project/src/dataset/videos/split_output/video_010.mp4,2026-05-08T16:13:39,324,359,172,197
24,33,340,181,0.9205,YOLO,detection,192,drone,Mode 1,C:/Users/user/Desktop/python/project/project/src/dataset/videos/split_output/video_010.mp4,2026-05-08T16:13:39,324,357,169,193
24,32,339,178,0.9302,YOLO,detection,193,drone,Mode 1,C:/Users/user/Desktop/python/project/project/src/dataset/videos/split_output/video_010.mp4,2026-05-08T16:13:39,323,355,166,190
24,33,337,174,0.9213,YOLO,detection,194,drone,Mode 1,C:/Users/user/Desktop/python/project/project/src/dataset/videos/split_output/video_010.mp4,2026-05-08T16:13:39,321,354,162,186
24,32,337,171,0.9156,YOLO,detection,195,drone,Mode 1,C:/Users/user/Desktop/python/project/project/src/dataset/videos/split_output/video_010.mp4,2026-05-08T16:13:39,321,353,159,183
24,31,335,170,0.9145,YOLO,detection,196,drone,Mode 1,C:/Users/user/Desktop/python/project/project/src/dataset/videos/split_output/video_010.mp4,2026-05-08T16:13:41,320,351,158,182
25,31,335,169,0.9131,YOLO,detection,197,drone,Mode 1,C:/Users/user/Desktop/python/project/project/src/dataset/videos/split_output/video_010.mp4,2026-05-08T16:13:41,320,351,157,182
25,31,333,172,0.9072,YOLO,detection,198,drone,Mode 1,C:/Users/user/Desktop/python/project/project/src/dataset/videos/split_output/video_010.mp4,2026-05-08T16:13:41,318,349,160,185
26,32,332,174,0.9086,YOLO,detection,199,drone,Mode 1,C:/Users/user/Desktop/python/project/project/src/dataset/videos/split_output/video_010.mp4,2026-05-08T16:13:41,316,348,161,187
25,32,332,176,0.9302,YOLO,detection,200,drone,Mode 1,C:/Users/user/Desktop/python/project/project/src/dataset/videos/split_output/video_010.mp4,2026-05-08T16:13:41,316,348,164,189
24,31,333,178,0.9201,YOLO,detection,201,drone,Mode 1,C:/Users/user/Desktop/python/project/project/src/dataset/videos/split_output/video_010.mp4,2026-05-08T16:13:41,318,349,166,190
25,32,334,178,0.9166,YOLO,detection,202,drone,Mode 1,C:/Users/user/Desktop/python/project/project/src/dataset/videos/split_output/video_010.mp4,2026-05-08T16:13:41,318,350,166,191
26,31,334,180,0.9168,YOLO,detection,203,drone,Mode 1,C:/Users/user/Desktop/python/project/project/src/dataset/videos/split_output/video_010.mp4,2026-05-08T16:13:41,319,350,167,193
25,31,335,181,0.9078,YOLO,detection,204,drone,Mode 1,C:/Users/user/Desktop/python/project/project/src/dataset/videos/split_output/video_010.mp4,2026-05-08T16:13:41,320,351,169,194
25,33,336,182,0.9216,YOLO,detection,205,drone,Mode 1,C:/Users/user/Desktop/python/project/project/src/dataset/videos/split_output/video_010.mp4,2026-05-08T16:13:41,320,353,170,195
24,34,338,184,0.9332,YOLO,detection,206,drone,Mode 1,C:/Users/user/Desktop/python/project/project/src/dataset/videos/split_output/video_010.mp4,2026-05-08T16:13:41,321,355,172,196
25,34,340,186,0.9251,YOLO,detection,207,drone,Mode 1,C:/Users/user/Desktop/python/project/project/src/dataset/videos/split_output/video_010.mp4,2026-05-08T16:13:41,323,357,174,199
26,35,341,192,0.9305,YOLO,detection,208,drone,Mode 1,C:/Users/user/Desktop/python/project/project/src/dataset/videos/split_output/video_010.mp4,2026-05-08T16:13:41,324,359,179,205
25,34,345,200,0.9279,YOLO,detection,209,drone,Mode 1,C:/Users/user/Desktop/python/project/project/src/dataset/videos/split_output/video_010.mp4,2026-05-08T16:13:41,328,362,188,213
25,34,351,214,0.9124,YOLO,detection,210,drone,Mode 1,C:/Users/user/Desktop/python/project/project/src/dataset/videos/split_output/video_010.mp4,2026-05-08T16:13:41,334,368,202,227
24,39,354,227,0.6876,YOLO,detection,211,drone,Mode 1,C:/Users/user/Desktop/python/project/project/src/dataset/videos/split_output/video_010.mp4,2026-05-08T16:13:41,335,374,215,239
24,35,360,240,0.9169,YOLO,detection,212,drone,Mode 1,C:/Users/user/Desktop/python/project/project/src/dataset/videos/split_output/video_010.mp4,2026-05-08T16:13:41,343,378,228,252
22,36,364,245,0.8927,YOLO,detection,213,drone,Mode 1,C:/Users/user/Desktop/python/project/project/src/dataset/videos/split_output/video_010.mp4,2026-05-08T16:13:41,346,382,234,256
22,37,365,246,0.8814,YOLO,detection,214,drone,Mode 1,C:/Users/user/Desktop/python/project/project/src/dataset/videos/split_output/video_010.mp4,2026-05-08T16:13:41,347,384,235,257
23,37,367,243,0.9042,YOLO,detection,215,drone,Mode 1,C:/Users/user/Desktop/python/project/project/src/dataset/videos/split_output/video_010.mp4,2026-05-08T16:13:42,349,386,232,255
22,34,367,238,0.8928,YOLO,detection,216,drone,Mode 1,C:/Users/user/Desktop/python/project/project/src/dataset/videos/split_output/video_010.mp4,2026-05-08T16:13:42,350,384,227,249
23,33,369,235,0.8947,YOLO,detection,217,drone,Mode 1,C:/Users/user/Desktop/python/project/project/src/dataset/videos/split_output/video_010.mp4,2026-05-08T16:13:42,353,386,224,247
22,35,370,234,0.7496,YOLO,detection,218,drone,Mode 1,C:/Users/user/Desktop/python/project/project/src/dataset/videos/split_output/video_010.mp4,2026-05-08T16:13:42,353,388,223,245
22,35,373,231,0.8208,YOLO,detection,219,drone,Mode 1,C:/Users/user/Desktop/python/project/project/src/dataset/videos/split_output/video_010.mp4,2026-05-08T16:13:42,356,391,220,242
24,37,375,228,0.7785,YOLO,detection,220,drone,Mode 1,C:/Users/user/Desktop/python/project/project/src/dataset/videos/split_output/video_010.mp4,2026-05-08T16:13:42,357,394,216,240
25,38,378,226,0.8907,YOLO,detection,221,drone,Mode 1,C:/Users/user/Desktop/python/project/project/src/dataset/videos/split_output/video_010.mp4,2026-05-08T16:13:42,359,397,214,239
24,36,383,227,0.9057,YOLO,detection,222,drone,Mode 1,C:/Users/user/Desktop/python/project/project/src/dataset/videos/split_output/video_010.mp4,2026-05-08T16:13:42,365,401,215,239
23,34,386,229,0.8892,YOLO,detection,223,drone,Mode 1,C:/Users/user/Desktop/python/project/project/src/dataset/videos/split_output/video_010.mp4,2026-05-08T16:13:42,369,403,218,241
22,37,387,232,0.6546,YOLO,detection,224,drone,Mode 1,C:/Users/user/Desktop/python/project/project/src/dataset/videos/split_output/video_010.mp4,2026-05-08T16:13:42,369,406,221,243
23,36,390,232,0.9049,YOLO,detection,225,drone,Mode 1,C:/Users/user/Desktop/python/project/project/src/dataset/videos/split_output/video_010.mp4,2026-05-08T16:13:42,372,408,221,244
22,34,393,231,0.896,YOLO,detection,226,drone,Mode 1,C:/Users/user/Desktop/python/project/project/src/dataset/videos/split_output/video_010.mp4,2026-05-08T16:13:42,376,410,220,242
24,36,394,229,0.8447,YOLO,detection,227,drone,Mode 1,C:/Users/user/Desktop/python/project/project/src/dataset/videos/split_output/video_010.mp4,2026-05-08T16:13:42,376,412,217,241
26,36,394,225,0.9175,YOLO,detection,228,drone,Mode 1,C:/Users/user/Desktop/python/project/project/src/dataset/videos/split_output/video_010.mp4,2026-05-08T16:13:42,376,412,212,238
26,36,392,219,0.9151,YOLO,detection,229,drone,Mode 1,C:/Users/user/Desktop/python/project/project/src/dataset/videos/split_output/video_010.mp4,2026-05-08T16:13:42,374,410,206,232
25,34,386,212,0.9162,YOLO,detection,230,drone,Mode 1,C:/Users/user/Desktop/python/project/project/src/dataset/videos/split_output/video_010.mp4,2026-05-08T16:13:42,369,403,200,225
26,35,378,212,0.9199,YOLO,detection,231,drone,Mode 1,C:/Users/user/Desktop/python/project/project/src/dataset/videos/split_output/video_010.mp4,2026-05-08T16:13:42,361,396,199,225
26,36,370,211,0.9144,YOLO,detection,232,drone,Mode 1,C:/Users/user/Desktop/python/project/project/src/dataset/videos/split_output/video_010.mp4,2026-05-08T16:13:42,352,388,198,224
24,34,366,210,0.916,YOLO,detection,233,drone,Mode 1,C:/Users/user/Desktop/python/project/project/src/dataset/videos/split_output/video_010.mp4,2026-05-08T16:13:42,349,383,198,222
25,35,365,210,0.9149,YOLO,detection,234,drone,Mode 1,C:/Users/user/Desktop/python/project/project/src/dataset/videos/split_output/video_010.mp4,2026-05-08T16:13:42,348,383,198,223
26,35,364,211,0.9203,YOLO,detection,235,drone,Mode 1,C:/Users/user/Desktop/python/project/project/src/dataset/videos/split_output/video_010.mp4,2026-05-08T16:13:42,347,382,198,224
25,35,361,210,0.9224,YOLO,detection,236,drone,Mode 1,C:/Users/user/Desktop/python/project/project/src/dataset/videos/split_output/video_010.mp4,2026-05-08T16:13:43,344,379,198,223
26,36,362,211,0.9133,YOLO,detection,237,drone,Mode 1,C:/Users/user/Desktop/python/project/project/src/dataset/videos/split_output/video_010.mp4,2026-05-08T16:13:43,344,380,198,224
25,33,361,211,0.9193,YOLO,detection,238,drone,Mode 1,C:/Users/user/Desktop/python/project/project/src/dataset/videos/split_output/video_010.mp4,2026-05-08T16:13:43,345,378,199,224
26,35,361,211,0.917,YOLO,detection,239,drone,Mode 1,C:/Users/user/Desktop/python/project/project/src/dataset/videos/split_output/video_010.mp4,2026-05-08T16:13:43,344,379,198,224
26,36,363,211,0.9186,YOLO,detection,240,drone,Mode 1,C:/Users/user/Desktop/python/project/project/src/dataset/videos/split_output/video_010.mp4,2026-05-08T16:13:43,345,381,198,224
26,37,364,211,0.9157,YOLO,detection,241,drone,Mode 1,C:/Users/user/Desktop/python/project/project/src/dataset/videos/split_output/video_010.mp4,2026-05-08T16:13:43,346,383,198,224
26,36,363,210,0.9252,YOLO,detection,242,drone,Mode 1,C:/Users/user/Desktop/python/project/project/src/dataset/videos/split_output/video_010.mp4,2026-05-08T16:13:43,345,381,197,223
26,36,363,210,0.9288,YOLO,detection,243,drone,Mode 1,C:/Users/user/Desktop/python/project/project/src/dataset/videos/split_output/video_010.mp4,2026-05-08T16:13:43,345,381,197,223
26,34,362,210,0.9238,YOLO,detection,244,drone,Mode 1,C:/Users/user/Desktop/python/project/project/src/dataset/videos/split_output/video_010.mp4,2026-05-08T16:13:43,345,379,197,223
26,37,362,212,0.9158,YOLO,detection,245,drone,Mode 1,C:/Users/user/Desktop/python/project/project/src/dataset/videos/split_output/video_010.mp4,2026-05-08T16:13:43,344,381,199,225
28,37,361,216,0.9185,YOLO,detection,246,drone,Mode 1,C:/Users/user/Desktop/python/project/project/src/dataset/videos/split_output/video_010.mp4,2026-05-08T16:13:43,343,380,202,230
27,35,361,218,0.9105,YOLO,detection,247,drone,Mode 1,C:/Users/user/Desktop/python/project/project/src/dataset/videos/split_output/video_010.mp4,2026-05-08T16:13:43,344,379,205,232
27,36,362,217,0.9268,YOLO,detection,248,drone,Mode 1,C:/Users/user/Desktop/python/project/project/src/dataset/videos/split_output/video_010.mp4,2026-05-08T16:13:43,344,380,204,231
26,33,360,213,0.9228,YOLO,detection,249,drone,Mode 1,C:/Users/user/Desktop/python/project/project/src/dataset/videos/split_output/video_010.mp4,2026-05-08T16:13:43,344,377,200,226
25,35,360,209,0.9263,YOLO,detection,250,drone,Mode 1,C:/Users/user/Desktop/python/project/project/src/dataset/videos/split_output/video_010.mp4,2026-05-08T16:13:43,343,378,197,222
